id,first_name,last_name,email
1,Eugen,Nilges,enilges0@lulu.com
2,Ingram,Durrant,idurrant1@twitter.com
3,Brnaba,Grealish,bgrealish2@soup.io
4,Maurene,Etoile,metoile3@gov.uk
5,Britney,Biscomb,bbiscomb4@wp.com
6,Iona,Gatrell,igatrell5@tmall.com
7,Arvie,Gandley,agandley6@cnet.com
8,Rhianna,Mileham,rmileham7@vk.com
9,Aldus,Sherringham,asherringham8@techcrunch.com
10,Isahella,Migheli,imigheli9@nsw.gov.au
11,Sharlene,Mc Trusty,smctrustya@tmall.com
12,Darb,Secker,dseckerb@github.com
13,Herold,Cullabine,hcullabinec@rakuten.co.jp
14,Maddy,Arlett,marlettd@hubpages.com
15,Ashley,Jermey,ajermeye@jiathis.com
16,Patty,Darkins,pdarkinsf@cnbc.com
17,Cristionna,Dash,cdashg@blogs.com
18,Lowrance,Smaling,lsmalingh@msn.com
19,Zollie,Fontell,zfontelli@symantec.com
20,Park,Daverin,pdaverinj@examiner.com
21,Cody,Been,cbeenk@globo.com
22,Bendick,Gisburne,bgisburnel@skyrock.com
23,Elianore,Errichi,eerrichim@people.com.cn
24,Ingrim,Fairtlough,ifairtloughn@miibeian.gov.cn
25,Alex,Lunney,alunneyo@geocities.jp
26,Bo,Sutor,bsutorp@mac.com
27,Corie,Herrero,cherreroq@stanford.edu
28,Vail,Gahagan,vgahaganr@yahoo.com
29,Harwell,Japp,hjapps@wiley.com
30,Lucien,Staley,lstaleyt@nyu.edu
31,Kerrill,Hug,khugu@wp.com
32,Tonya,Riolfo,triolfov@indiatimes.com
33,Bernardina,Angrove,bangrovew@devhub.com
34,Clywd,McGruar,cmcgruarx@youku.com
35,Livia,Thackham,lthackhamy@google.ca
36,Candace,Wride,cwridez@google.ru
37,Ealasaid,Whaley,ewhaley10@kickstarter.com
38,Thor,Branney,tbranney11@usatoday.com
39,Ralina,Kaindl,rkaindl12@businessweek.com
40,Dot,Zimek,dzimek13@cdc.gov
41,Chrissie,Sedger,csedger14@icio.us
42,Lion,Grimsdell,lgrimsdell15@princeton.edu
43,Olva,Seamon,oseamon16@gov.uk
44,Roberta,Carthew,rcarthew17@bigcartel.com
45,Cynthy,Belfrage,cbelfrage18@rambler.ru
46,Lyda,Isaq,lisaq19@bravesites.com
47,Scott,Jon,sjon1a@icio.us
48,Ann,Chapling,achapling1b@hostgator.com
49,Heda,Taggerty,htaggerty1c@github.com
50,Jannelle,Tilliard,jtilliard1d@netvibes.com
51,Nadean,Sauvain,nsauvain1e@boston.com
52,Reginald,Loveguard,rloveguard1f@exblog.jp
53,Mortimer,Athy,mathy1g@stanford.edu
54,Annemarie,McKeney,amckeney1h@yellowbook.com
55,Tyrus,Jansky,tjansky1i@zdnet.com
56,Xylia,Tredger,xtredger1j@de.vu
57,Bradford,Cowe,bcowe1k@buzzfeed.com
58,Wang,Cowan,wcowan1l@51.la
59,Liv,Yelding,lyelding1m@cdc.gov
60,Jenilee,Torns,jtorns1n@nps.gov
61,Gabie,Kynge,gkynge1o@i2i.jp
62,Richy,Gorthy,rgorthy1p@furl.net
63,Marga,Towlson,mtowlson1q@pinterest.com
64,Windham,McBayne,wmcbayne1r@sphinn.com
65,Auroora,Sitlinton,asitlinton1s@census.gov
66,Stefania,Sergeaunt,ssergeaunt1t@spotify.com
67,Doug,Pykett,dpykett1u@sitemeter.com
68,Jobyna,Jerzak,jjerzak1v@parallels.com
69,Mona,Camamile,mcamamile1w@time.com
70,Othella,McGiffin,omcgiffin1x@amazonaws.com
71,Frederigo,Rignall,frignall1y@sciencedirect.com
72,Lukas,Gresty,lgresty1z@gmpg.org
73,Mortie,Yakovliv,myakovliv20@rediff.com
74,Symon,Starbuck,sstarbuck21@ted.com
75,Devonna,McNeilley,dmcneilley22@friendfeed.com
76,Sheila,Chesman,schesman23@parallels.com
77,Alex,Gilchrest,agilchrest24@columbia.edu
78,Dasya,Murrigans,dmurrigans25@europa.eu
79,Kial,Amor,kamor26@deliciousdays.com
80,Jacklyn,Marian,jmarian27@woothemes.com
81,Arlyne,Kenney,akenney28@senate.gov
82,Marietta,Gronav,mgronav29@cloudflare.com
83,Laurene,Gilphillan,lgilphillan2a@disqus.com
84,Star,Dayment,sdayment2b@etsy.com
85,Mal,Parr,mparr2c@paginegialle.it
86,Mace,Shoard,mshoard2d@hp.com
87,Fina,Tunny,ftunny2e@amazon.co.jp
88,Donnie,Piesold,dpiesold2f@usatoday.com
89,Van,Limeburner,vlimeburner2g@photobucket.com
90,Trude,Enston,tenston2h@epa.gov
91,Kristoforo,Puckett,kpuckett2i@globo.com
92,Chen,O'Lennachain,colennachain2j@hubpages.com
93,Jessika,Ranaghan,jranaghan2k@home.pl
94,Mikey,Shave,mshave2l@people.com.cn
95,Madelaine,Rawcliffe,mrawcliffe2m@amazon.com
96,Arabele,Campagne,acampagne2n@tuttocitta.it
97,Paxton,Blandamore,pblandamore2o@nydailynews.com
98,Rochette,Drydale,rdrydale2p@pbs.org
99,Kimbra,Romei,kromei2q@godaddy.com
100,Gabrielle,Pennazzi,gpennazzi2r@gravatar.com
101,Jaime,Harteley,jharteley2s@cocolog-nifty.com
102,Che,Spedding,cspedding2t@bigcartel.com
103,Cathrin,Himpson,chimpson2u@marketwatch.com
104,Jeremie,Taffie,jtaffie2v@discovery.com
105,Ina,Manwell,imanwell2w@icq.com
106,Helenelizabeth,Gaggen,hgaggen2x@go.com
107,Johnath,Garretts,jgarretts2y@nymag.com
108,Cami,Spybey,cspybey2z@ed.gov
109,Janeen,O'Brollachain,jobrollachain30@squarespace.com
110,Brig,Innis,binnis31@tamu.edu
111,Kissiah,Rudham,krudham32@yandex.ru
112,Guendolen,Greveson,ggreveson33@exblog.jp
113,Torry,Emsley,temsley34@geocities.jp
114,Juditha,Sapsforde,jsapsforde35@army.mil
115,Valentine,Goldhill,vgoldhill36@vkontakte.ru
116,Arly,Waghorne,awaghorne37@fema.gov
117,Emmalynn,Croll,ecroll38@xinhuanet.com
118,Antonetta,MacWhirter,amacwhirter39@angelfire.com
119,Talia,Jelks,tjelks3a@e-recht24.de
120,Dido,Ponsford,dponsford3b@bing.com
121,Myrta,MacNucator,mmacnucator3c@devhub.com
122,Leroy,Muzzini,lmuzzini3d@reverbnation.com
123,Flor,Eastlake,feastlake3e@prweb.com
124,Rance,Ambler,rambler3f@youtube.com
125,Ethelin,Abotson,eabotson3g@illinois.edu
126,Candice,Coviello,ccoviello3h@canalblog.com
127,Katie,Dionisi,kdionisi3i@biglobe.ne.jp
128,Trstram,Rosenshine,trosenshine3j@reddit.com
129,Chicky,Wyldbore,cwyldbore3k@hud.gov
130,Cullen,Truscott,ctruscott3l@virginia.edu
131,Trever,Cammiemile,tcammiemile3m@cbslocal.com
132,Griffy,Melendez,gmelendez3n@clickbank.net
133,Joeann,Palphreyman,jpalphreyman3o@google.ca
134,Tootsie,Harrowell,tharrowell3p@barnesandnoble.com
135,Damita,MacPake,dmacpake3q@issuu.com
136,Bertram,Hannabus,bhannabus3r@yolasite.com
137,Felecia,Janosevic,fjanosevic3s@indiegogo.com
138,Lula,O' Shea,loshea3t@github.com
139,Dannel,Twelftree,dtwelftree3u@phpbb.com
140,Nicolina,Bygreaves,nbygreaves3v@amazonaws.com
141,Raymond,Gorthy,rgorthy3w@posterous.com
142,Wood,L'Episcopio,wlepiscopio3x@goo.gl
143,Boot,Ponde,bponde3y@lulu.com
144,Ashlan,Hebbard,ahebbard3z@nbcnews.com
145,Abbi,Boulsher,aboulsher40@is.gd
146,Douglas,Vigers,dvigers41@pagesperso-orange.fr
147,Vince,Temprell,vtemprell42@eepurl.com
148,Nickolaus,Fattore,nfattore43@cdc.gov
149,Alejandrina,Gonsalvo,agonsalvo44@nih.gov
150,Rochester,Brockherst,rbrockherst45@earthlink.net
151,Stoddard,Downie,sdownie46@businesswire.com
152,Adore,Crookshanks,acrookshanks47@army.mil
153,Terra,Gauford,tgauford48@ask.com
154,Zaria,Radnage,zradnage49@vimeo.com
155,Michelina,Allibone,mallibone4a@arizona.edu
156,Aileen,Geeve,ageeve4b@comcast.net
157,Shelbi,Newson,snewson4c@jalbum.net
158,Audy,Clash,aclash4d@intel.com
159,Luca,Skipp,lskipp4e@shutterfly.com
160,Correna,Pohling,cpohling4f@hostgator.com
161,Rozamond,Loraine,rloraine4g@desdev.cn
162,Anthe,Crinidge,acrinidge4h@cornell.edu
163,Lizzie,Kroger,lkroger4i@cdbaby.com
164,Neddie,Raccio,nraccio4j@tinypic.com
165,Adrianne,Gendrich,agendrich4k@squidoo.com
166,Joyann,Thorndycraft,jthorndycraft4l@hatena.ne.jp
167,Estel,Krysztofiak,ekrysztofiak4m@domainmarket.com
168,Norina,Grigoriscu,ngrigoriscu4n@amazonaws.com
169,Maryjo,Ruzic,mruzic4o@woothemes.com
170,Rafe,Purcer,rpurcer4p@1688.com
171,Dahlia,Allflatt,dallflatt4q@t.co
172,Edgard,Donisi,edonisi4r@sina.com.cn
173,Boot,Chetwynd,bchetwynd4s@msu.edu
174,Laurianne,Pilkington,lpilkington4t@moonfruit.com
175,Rania,Wootton,rwootton4u@fema.gov
176,Nikola,Syversen,nsyversen4v@facebook.com
177,Maury,Shepeard,mshepeard4w@oakley.com
178,Antin,Rays,arays4x@pbs.org
179,Gretchen,Madner,gmadner4y@ask.com
180,Janine,Dudgeon,jdudgeon4z@google.ru
181,Abran,Monkhouse,amonkhouse50@who.int
182,Abra,Diboll,adiboll51@chron.com
183,Nataniel,Joannet,njoannet52@wordpress.org
184,Maressa,Kemball,mkemball53@is.gd
185,Elisha,Arbon,earbon54@gnu.org
186,Cary,Magee,cmagee55@cbslocal.com
187,Garrek,Koppke,gkoppke56@tinypic.com
188,Florella,Odgers,fodgers57@wikia.com
189,Cos,Simao,csimao58@nature.com
190,Arlene,Hache,ahache59@reuters.com
191,Innis,Woodroofe,iwoodroofe5a@free.fr
192,Normie,Deniseau,ndeniseau5b@tinyurl.com
193,Bliss,Want,bwant5c@privacy.gov.au
194,Nicol,Marchment,nmarchment5d@delicious.com
195,Rhodia,Spours,rspours5e@biglobe.ne.jp
196,Meade,Clayton,mclayton5f@godaddy.com
197,Anthe,Stobbs,astobbs5g@forbes.com
198,Lane,De Biaggi,ldebiaggi5h@mlb.com
199,Melony,Elnaugh,melnaugh5i@meetup.com
200,Oberon,Grant,ogrant5j@weebly.com
201,Marty,Shenley,mshenley5k@fc2.com
202,Putnem,Dimitriou,pdimitriou5l@ebay.co.uk
203,Gwenni,Edds,gedds5m@eepurl.com
204,Aleda,Barke,abarke5n@cbsnews.com
205,Dag,Essery,dessery5o@creativecommons.org
206,Betteanne,Morena,bmorena5p@goo.gl
207,Maddi,Slaght,mslaght5q@ask.com
208,Georgy,Smee,gsmee5r@berkeley.edu
209,Caesar,Sprowle,csprowle5s@cocolog-nifty.com
210,Emalee,Becken,ebecken5t@histats.com
211,Corena,Serle,cserle5u@jugem.jp
212,Laurence,Summerson,lsummerson5v@creativecommons.org
213,Ermina,Titchener,etitchener5w@ucoz.com
214,Herta,Jepson,hjepson5x@hexun.com
215,Reggi,Leech,rleech5y@tripadvisor.com
216,Julienne,Kitchinghan,jkitchinghan5z@microsoft.com
217,Jonis,Garie,jgarie60@opera.com
218,Noam,Ipwell,nipwell61@hud.gov
219,Valentine,Landreth,vlandreth62@naver.com
220,Ebenezer,Tegeller,etegeller63@tinypic.com
221,Baudoin,Porcas,bporcas64@google.com.br
222,Alexei,Kinchley,akinchley65@bloomberg.com
223,Judah,Camock,jcamock66@meetup.com
224,Maje,Skottle,mskottle67@ebay.co.uk
225,Ephrem,Whear,ewhear68@unblog.fr
226,Zebadiah,Binley,zbinley69@yandex.ru
227,Carlee,Tunuy,ctunuy6a@ucla.edu
228,Alvinia,Dubose,adubose6b@alexa.com
229,Myrvyn,Glowacz,mglowacz6c@mac.com
230,Nessi,Risbridge,nrisbridge6d@phoca.cz
231,Dodi,Eilhart,deilhart6e@dell.com
232,Rosemarie,Lardiner,rlardiner6f@furl.net
233,Clarabelle,McKinnon,cmckinnon6g@mail.ru
234,Wiley,Learned,wlearned6h@cmu.edu
235,Kellina,Eslemont,keslemont6i@xrea.com
236,Karly,Lutz,klutz6j@surveymonkey.com
237,Odelle,Fake,ofake6k@tripod.com
238,Florri,Assinder,fassinder6l@youtu.be
239,Cristobal,Liger,cliger6m@seattletimes.com
240,Hildy,Plumm,hplumm6n@angelfire.com
241,Peggie,Chastang,pchastang6o@tinypic.com
242,Annadiana,Garfit,agarfit6p@engadget.com
243,Janeczka,Caldicott,jcaldicott6q@canalblog.com
244,Eamon,Whillock,ewhillock6r@bbb.org
245,Rayner,Hartus,rhartus6s@photobucket.com
246,Lishe,Lansdowne,llansdowne6t@github.com
247,Bibbye,Hince,bhince6u@odnoklassniki.ru
248,Kylila,Lashbrook,klashbrook6v@toplist.cz
249,Ezekiel,Tewes,etewes6w@eventbrite.com
250,Jocelyn,Alvarado,jalvarado6x@japanpost.jp
251,Tamra,Harte,tharte6y@nps.gov
252,Belvia,Chapling,bchapling6z@uiuc.edu
253,Rhianna,Bottini,rbottini70@intel.com
254,Demetra,Maffi,dmaffi71@wikispaces.com
255,Stephanie,O'Loughlin,soloughlin72@flavors.me
256,Samara,MacGhee,smacghee73@miitbeian.gov.cn
257,Jobye,Esh,jesh74@craigslist.org
258,Chadd,Gibben,cgibben75@soup.io
259,Winston,Roffey,wroffey76@ask.com
260,Aurlie,Vreiberg,avreiberg77@illinois.edu
261,Alphard,Bahike,abahike78@barnesandnoble.com
262,Alleen,Fassmann,afassmann79@miitbeian.gov.cn
263,Erena,Whitemarsh,ewhitemarsh7a@reference.com
264,Kirsten,Timlin,ktimlin7b@alibaba.com
265,Jereme,Fulep,jfulep7c@adobe.com
266,Orelle,Burfoot,oburfoot7d@twitter.com
267,Lanette,Cafferky,lcafferky7e@engadget.com
268,Wilie,Thurbon,wthurbon7f@loc.gov
269,Marie-jeanne,Featherstone,mfeatherstone7g@eepurl.com
270,Bruce,Franken,bfranken7h@wp.com
271,Dianna,Chippindale,dchippindale7i@usatoday.com
272,Orlando,Durbann,odurbann7j@tumblr.com
273,Anna-diane,Mulmuray,amulmuray7k@dell.com
274,Tome,Rohlfs,trohlfs7l@amazonaws.com
275,Barbaraanne,Stot,bstot7m@merriam-webster.com
276,Gallard,Frisch,gfrisch7n@squarespace.com
277,Cristina,Ducham,cducham7o@geocities.jp
278,Wilbert,Emblow,wemblow7p@sogou.com
279,Moria,Rosbrough,mrosbrough7q@godaddy.com
280,Torrance,Carletti,tcarletti7r@nps.gov
281,Kassie,Friedman,kfriedman7s@purevolume.com
282,Hillard,Estable,hestable7t@spiegel.de
283,Shelli,Glencross,sglencross7u@blog.com
284,Tamara,Trainor,ttrainor7v@cbc.ca
285,Lucho,Raybould,lraybould7w@usda.gov
286,Orv,Pietersen,opietersen7x@dailymail.co.uk
287,Palmer,Schwandt,pschwandt7y@answers.com
288,Lilas,Champney,lchampney7z@cnet.com
289,Mathilde,Lehr,mlehr80@dailymotion.com
290,Valery,O'Hederscoll,vohederscoll81@usatoday.com
291,Jermayne,Assiter,jassiter82@ed.gov
292,Rodina,Wormleighton,rwormleighton83@webmd.com
293,Patsy,Feacham,pfeacham84@stanford.edu
294,Alethea,Prescote,aprescote85@amazon.co.jp
295,Shelbi,Silversmidt,ssilversmidt86@businesswire.com
296,Rosalia,Harradence,rharradence87@fema.gov
297,Traver,Biscomb,tbiscomb88@indiatimes.com
298,Isador,Jirusek,ijirusek89@si.edu
299,Cyb,Ethridge,cethridge8a@mayoclinic.com
300,Katya,Blasetti,kblasetti8b@springer.com
301,Delcina,Cheatle,dcheatle8c@amazon.com
302,Stephen,Esselin,sesselin8d@rambler.ru
303,Lyndsie,Hickenbottom,lhickenbottom8e@artisteer.com
304,Kain,MacPaden,kmacpaden8f@umich.edu
305,Bogart,Albon,balbon8g@guardian.co.uk
306,Sharleen,Patriskson,spatriskson8h@epa.gov
307,Meredith,Trousdell,mtrousdell8i@desdev.cn
308,Yetta,Lisimore,ylisimore8j@usatoday.com
309,Dorian,Salsberg,dsalsberg8k@nature.com
310,Afton,Cheeld,acheeld8l@smugmug.com
311,Dalia,Axell,daxell8m@stanford.edu
312,Natty,Rutgers,nrutgers8n@youtu.be
313,Zia,Beden,zbeden8o@mtv.com
314,Willow,Peiser,wpeiser8p@skyrock.com
315,Lucina,Dutt,ldutt8q@techcrunch.com
316,Darcey,Di Matteo,ddimatteo8r@mysql.com
317,Cecilio,Duthie,cduthie8s@cmu.edu
318,Letizia,Beamiss,lbeamiss8t@vk.com
319,Jaine,Youdell,jyoudell8u@yale.edu
320,Pooh,Spellman,pspellman8v@nature.com
321,Vincenty,Jedrychowski,vjedrychowski8w@telegraph.co.uk
322,Lindon,Dignam,ldignam8x@t.co
323,Grantham,Rakes,grakes8y@seesaa.net
324,Trace,Claridge,tclaridge8z@photobucket.com
325,Merwin,Pengelly,mpengelly90@jimdo.com
326,Luci,Kyllford,lkyllford91@imageshack.us
327,Field,Trussman,ftrussman92@elpais.com
328,Dwight,Melia,dmelia93@com.com
329,Oren,Lippitt,olippitt94@toplist.cz
330,Fredek,Laidel,flaidel95@indiegogo.com
331,Birgit,Furlonge,bfurlonge96@cbc.ca
332,Wilhelmina,Powderham,wpowderham97@devhub.com
333,Sib,Caddies,scaddies98@biblegateway.com
334,Ernest,Endle,eendle99@wikipedia.org
335,Nevil,Lathom,nlathom9a@hibu.com
336,Laney,Stanaway,lstanaway9b@home.pl
337,Teodorico,Sennett,tsennett9c@desdev.cn
338,Jaymee,Alldis,jalldis9d@ucoz.ru
339,Courtenay,Clulow,cclulow9e@google.pl
340,Phylis,Lidgard,plidgard9f@xing.com
341,Mickie,Ajsik,majsik9g@chronoengine.com
342,Bonita,Filler,bfiller9h@weibo.com
343,Francene,D' Angelo,fdangelo9i@ft.com
344,Otho,Goodee,ogoodee9j@cornell.edu
345,Candie,Leeke,cleeke9k@163.com
346,Analise,Ives,aives9l@about.com
347,Gavan,Hinsch,ghinsch9m@cnn.com
348,Wandie,Jensen,wjensen9n@foxnews.com
349,Andy,Reasun,areasun9o@over-blog.com
350,Florence,Schultz,fschultz9p@washington.edu
351,Tricia,Willes,twilles9q@photobucket.com
352,Teodora,Craister,tcraister9r@hud.gov
353,Lauralee,Burndred,lburndred9s@clickbank.net
354,Emery,Ritelli,eritelli9t@typepad.com
355,Franciskus,Ginni,fginni9u@phoca.cz
356,Maxy,Coyett,mcoyett9v@archive.org
357,Alexandro,Smitherman,asmitherman9w@photobucket.com
358,Ambrose,Hamshar,ahamshar9x@phoca.cz
359,Moritz,Cameron,mcameron9y@imgur.com
360,Perkin,Courtonne,pcourtonne9z@devhub.com
361,Nestor,Usmar,nusmara0@facebook.com
362,Olia,O'Quin,ooquina1@google.com
363,Tiphany,Angrock,tangrocka2@cyberchimps.com
364,Armando,Longforth,alongfortha3@cdbaby.com
365,Rozanna,Tinker,rtinkera4@ebay.com
366,Mildrid,Dayce,mdaycea5@cornell.edu
367,Lu,Harradence,lharradencea6@wisc.edu
368,Shanna,Drayn,sdrayna7@wunderground.com
369,Andriette,Rochford,arochforda8@e-recht24.de
370,Lenka,Smylie,lsmyliea9@uol.com.br
371,Cleo,Whittet,cwhittetaa@slashdot.org
372,Aundrea,Lauks,alauksab@diigo.com
373,Frankie,Bront,fbrontac@springer.com
374,Helene,Saiens,hsaiensad@tinypic.com
375,Marlin,Gaspar,mgasparae@technorati.com
376,Nevile,Shapland,nshaplandaf@nps.gov
377,Trista,Staniford,tstanifordag@redcross.org
378,Happy,McTrusty,hmctrustyah@hp.com
379,Chane,Starte,cstarteai@mysql.com
380,Orland,Bestman,obestmanaj@google.com.hk
381,Cecil,Krzysztofiak,ckrzysztofiakak@vistaprint.com
382,Wylma,Fleet,wfleetal@dagondesign.com
383,Mason,Mabbe,mmabbeam@jugem.jp
384,Nicole,Heersema,nheersemaan@symantec.com
385,Rori,Leckey,rleckeyao@edublogs.org
386,Camel,Mangin,cmanginap@wikipedia.org
387,Reinald,Labbett,rlabbettaq@businessweek.com
388,Greta,Cake,gcakear@ebay.co.uk
389,Erskine,Huckabe,ehuckabeas@jimdo.com
390,Rose,Hauxby,rhauxbyat@bandcamp.com
391,Joelie,Behn,jbehnau@rediff.com
392,Katharina,Force,kforceav@cocolog-nifty.com
393,Una,Cantor,ucantoraw@about.com
394,Tess,Liddall,tliddallax@un.org
395,Theodosia,Maestrini,tmaestriniay@cbsnews.com
396,Cosmo,Hennington,chenningtonaz@xing.com
397,Rici,Smythe,rsmytheb0@amazon.com
398,Der,McArthur,dmcarthurb1@tumblr.com
399,Chadd,Strathe,cstratheb2@blogger.com
400,Matti,Escudier,mescudierb3@youtube.com
401,Henderson,Kurth,hkurthb4@hc360.com
402,Luke,Kabisch,lkabischb5@github.com
403,Patricia,Hunnybun,phunnybunb6@ucoz.ru
404,Natalie,Children,nchildrenb7@gmpg.org
405,Skye,Le Lievre,slelievreb8@surveymonkey.com
406,Frasquito,Sabine,fsabineb9@lulu.com
407,Wolfie,Johnsey,wjohnseyba@examiner.com
408,Burton,Pykett,bpykettbb@theatlantic.com
409,Roderich,Kingzeth,rkingzethbc@epa.gov
410,Meagan,Caven,mcavenbd@nytimes.com
411,Barnabas,Abernethy,babernethybe@bing.com
412,Mame,Finnemore,mfinnemorebf@tumblr.com
413,Ranice,Castells,rcastellsbg@ftc.gov
414,Emanuele,Salsberg,esalsbergbh@dion.ne.jp
415,Seka,Huck,shuckbi@webs.com
416,Ruddie,Bennell,rbennellbj@hibu.com
417,Dianna,Wardington,dwardingtonbk@jigsy.com
418,Desdemona,Baldocci,dbaldoccibl@fotki.com
419,Graig,Knappitt,gknappittbm@wikispaces.com
420,Hinda,Pither,hpitherbn@spotify.com
421,Rodie,Jorry,rjorrybo@boston.com
422,Gran,Bonar,gbonarbp@mozilla.com
423,Gawain,McAsgill,gmcasgillbq@squarespace.com
424,Jolee,Patkin,jpatkinbr@surveymonkey.com
425,Mischa,Tafani,mtafanibs@cisco.com
426,Fayre,Ailsbury,failsburybt@naver.com
427,Adolphe,Sirmond,asirmondbu@prnewswire.com
428,Griff,Iskov,giskovbv@apache.org
429,Hinda,Harberer,hharbererbw@jimdo.com
430,Brent,O'Cooney,bocooneybx@businessweek.com
431,Linea,Fontenot,lfontenotby@addtoany.com
432,Pattie,Dixie,pdixiebz@wikipedia.org
433,Dedie,Woollends,dwoollendsc0@liveinternet.ru
434,Ediva,Foucher,efoucherc1@state.gov
435,Regine,Jeanenet,rjeanenetc2@sourceforge.net
436,Salomi,Scarce,sscarcec3@guardian.co.uk
437,Winona,Wanden,wwandenc4@google.com.br
438,Stanford,Powlesland,spowleslandc5@umich.edu
439,Lindsay,Dyble,ldyblec6@goo.gl
440,Sophronia,D'Alessio,sdalessioc7@feedburner.com
441,Charline,Loxton,cloxtonc8@nationalgeographic.com
442,Raimund,Duckit,rduckitc9@wikimedia.org
443,Cris,Chadd,cchaddca@live.com
444,Elyssa,Bearman,ebearmancb@ycombinator.com
445,Karney,Fetter,kfettercc@washingtonpost.com
446,Nertie,Kingswoode,nkingswoodecd@icq.com
447,Andy,Seiffert,aseiffertce@answers.com
448,Renate,Benyan,rbenyancf@ucsd.edu
449,Ari,Pilkinton,apilkintoncg@psu.edu
450,Sayers,Maycey,smayceych@printfriendly.com
451,Melessa,Standbrooke,mstandbrookeci@google.com.br
452,Neysa,McMoyer,nmcmoyercj@sphinn.com
453,Benni,Gowthorpe,bgowthorpeck@narod.ru
454,Nichole,Yokel,nyokelcl@businessweek.com
455,Aridatha,Travers,atraverscm@cbc.ca
456,Atalanta,Aysh,aayshcn@ed.gov
457,Kimball,Huish,khuishco@devhub.com
458,Chen,Crossan,ccrossancp@go.com
459,Constancy,Ransbury,cransburycq@princeton.edu
460,Morena,Blaasch,mblaaschcr@joomla.org
461,Kerry,Spittles,kspittlescs@marketwatch.com
462,Leese,Simpkin,lsimpkinct@sitemeter.com
463,Jerrilyn,Shorthill,jshorthillcu@flickr.com
464,Jemmie,Toffel,jtoffelcv@nydailynews.com
465,Albertine,Kauffman,akauffmancw@xinhuanet.com
466,Aloysius,Roust,aroustcx@example.com
467,Jordanna,Killingbeck,jkillingbeckcy@g.co
468,Martin,Hathorn,mhathorncz@chron.com
469,Roanna,M'Chirrie,rmchirried0@reverbnation.com
470,Shelley,Gontier,sgontierd1@360.cn
471,Kalinda,Bonn,kbonnd2@buzzfeed.com
472,Tallia,Thurnham,tthurnhamd3@wufoo.com
473,Jacky,Keppie,jkeppied4@prlog.org
474,Manya,Carnelley,mcarnelleyd5@imageshack.us
475,Gris,Brinsden,gbrinsdend6@usa.gov
476,Charley,Atkins,catkinsd7@ehow.com
477,Abraham,Leidl,aleidld8@tripod.com
478,Ernie,Peter,epeterd9@psu.edu
479,Kimmy,Jennins,kjenninsda@google.com.br
480,Christel,Lavrinov,clavrinovdb@ftc.gov
481,Desmund,Ivashchenko,divashchenkodc@edublogs.org
482,Teodoro,Arnao,tarnaodd@ftc.gov
483,Bale,Rawdales,brawdalesde@blogtalkradio.com
484,Rogers,Andrei,randreidf@oracle.com
485,Andrei,Arpe,aarpedg@slideshare.net
486,Caryl,McCosh,cmccoshdh@who.int
487,Elisabeth,Tregido,etregidodi@whitehouse.gov
488,Odie,Gerling,ogerlingdj@yellowbook.com
489,Erminia,Dunstall,edunstalldk@networkadvertising.org
490,Gillie,De Francisci,gdefranciscidl@freewebs.com
491,Eldin,Eshmade,eeshmadedm@delicious.com
492,Merwyn,Pentelo,mpentelodn@mayoclinic.com
493,Garrott,Cleft,gcleftdo@google.es
494,Humfrey,Oslar,hoslardp@arstechnica.com
495,Dilly,Odlin,dodlindq@flavors.me
496,Lacie,Napper,lnapperdr@home.pl
497,Electra,Brewse,ebrewseds@japanpost.jp
498,Donica,Newcomb,dnewcombdt@xing.com
499,Rubie,Beale,rbealedu@vimeo.com
500,Eba,Blowen,eblowendv@cyberchimps.com
501,Llewellyn,Pitblado,lpitbladodw@deliciousdays.com
502,Kristo,Roullier,kroullierdx@rambler.ru
503,Christel,Redmain,credmaindy@salon.com
504,Eba,Plester,eplesterdz@bravesites.com
505,Doroteya,Meysham,dmeyshame0@hugedomains.com
506,Yorgos,Nazer,ynazere1@intel.com
507,Gigi,Orneles,gornelese2@dot.gov
508,Rafe,Krabbe,rkrabbee3@techcrunch.com
509,Sidonnie,Leishman,sleishmane4@google.pl
510,Shel,Tummasutti,stummasuttie5@cmu.edu
511,Gillie,Workes,gworkese6@desdev.cn
512,Pammi,Shelvey,pshelveye7@ox.ac.uk
513,Laureen,Baversor,lbaversore8@foxnews.com
514,Parker,Normanville,pnormanvillee9@hc360.com
515,Norbert,Tomaszynski,ntomaszynskiea@mtv.com
516,Angeli,Thexton,athextoneb@huffingtonpost.com
517,Ansley,Sherwill,asherwillec@ehow.com
518,Carmita,McKeggie,cmckeggieed@netscape.com
519,Godard,Geere,ggeereee@jimdo.com
520,Jarid,Stains,jstainsef@fotki.com
521,Harriott,Harragin,hharragineg@alibaba.com
522,Bernardina,Ratchford,bratchfordeh@alibaba.com
523,Chery,Pawnsford,cpawnsfordei@unicef.org
524,Cathie,Dracey,cdraceyej@walmart.com
525,Lonny,Lourens,llourensek@trellian.com
526,Fitz,Selbach,fselbachel@rediff.com
527,Blondy,Christopher,bchristopherem@last.fm
528,Lief,Allbrook,lallbrooken@nba.com
529,Jena,Semerad,jsemeradeo@dailymotion.com
530,Lorin,Lightollers,llightollersep@wordpress.com
531,Vaughn,Gaffer,vgaffereq@deliciousdays.com
532,Zilvia,Statham,zstathamer@go.com
533,Alasteir,Markos,amarkoses@squarespace.com
534,Cherey,Kalf,ckalfet@usnews.com
535,Artemas,Snoddy,asnoddyeu@lulu.com
536,Engracia,Halsworth,ehalsworthev@rediff.com
537,Nefen,Cloney,ncloneyew@prnewswire.com
538,Redford,Ranklin,rranklinex@skype.com
539,Elane,Worral,eworraley@microsoft.com
540,Lyndell,Brisson,lbrissonez@umn.edu
541,Lindi,Nice,lnicef0@nasa.gov
542,Lenna,Larderot,llarderotf1@dmoz.org
543,Shepperd,Calafato,scalafatof2@abc.net.au
544,Flynn,Pirolini,fpirolinif3@jimdo.com
545,Allsun,MacLaren,amaclarenf4@newyorker.com
546,Waiter,Habbershon,whabbershonf5@acquirethisname.com
547,Theresita,Slocumb,tslocumbf6@spiegel.de
548,Rafe,Roz,rrozf7@blogger.com
549,Aggie,Gonning,agonningf8@hhs.gov
550,Dewain,Musico,dmusicof9@vimeo.com
551,Cori,Quinsee,cquinseefa@latimes.com
552,Valerye,Propper,vpropperfb@ocn.ne.jp
553,Pegeen,MacLise,pmaclisefc@harvard.edu
554,Lauren,Blinder,lblinderfd@soundcloud.com
555,Ly,Backman,lbackmanfe@mozilla.com
556,Abigael,Di Pietro,adipietroff@uol.com.br
557,Livy,Shrimplin,lshrimplinfg@flickr.com
558,Prue,McLane,pmclanefh@soundcloud.com
559,Lorry,Witherow,lwitherowfi@noaa.gov
560,Matilda,Dowall,mdowallfj@merriam-webster.com
561,Arlene,Derill,aderillfk@eepurl.com
562,Briggs,Malby,bmalbyfl@miibeian.gov.cn
563,Eddy,Gilham,egilhamfm@naver.com
564,Merry,Fuentes,mfuentesfn@dion.ne.jp
565,Erhard,Murfin,emurfinfo@marketwatch.com
566,Bobbee,Fawson,bfawsonfp@surveymonkey.com
567,Thomasin,Butter,tbutterfq@businessweek.com
568,Tessy,Hartgill,thartgillfr@bing.com
569,Katharine,Pexton,kpextonfs@eepurl.com
570,Bord,Biner,bbinerft@kickstarter.com
571,Gar,Mussotti,gmussottifu@mayoclinic.com
572,Bamby,Teasey,bteaseyfv@usatoday.com
573,Flynn,Guterson,fgutersonfw@digg.com
574,Nick,Blakeney,nblakeneyfx@businessweek.com
575,Austine,Padgham,apadghamfy@sfgate.com
576,Gayla,Becerro,gbecerrofz@cnet.com
577,Vinson,Hudel,vhudelg0@earthlink.net
578,Mara,Hawkswood,mhawkswoodg1@blog.com
579,David,Ashe,dasheg2@time.com
580,Cherida,Bruckshaw,cbruckshawg3@cbsnews.com
581,Jarrad,Wenn,jwenng4@ox.ac.uk
582,Amberly,Sanpere,asanpereg5@google.com
583,Cecelia,Shawell,cshawellg6@jiathis.com
584,Clotilda,Long,clongg7@scribd.com
585,Bald,Gullane,bgullaneg8@patch.com
586,Elonore,Kernar,ekernarg9@va.gov
587,Clayborne,Kunat,ckunatga@posterous.com
588,Marian,FitzGibbon,mfitzgibbongb@taobao.com
589,Bary,Hurdman,bhurdmangc@nasa.gov
590,Dallis,Birts,dbirtsgd@mail.ru
591,Rafaelita,Wimpeney,rwimpeneyge@nps.gov
592,Haskel,Scranny,hscrannygf@baidu.com
593,Allyce,Kelston,akelstongg@intel.com
594,Avis,Mossbee,amossbeegh@engadget.com
595,Aundrea,Borsay,aborsaygi@alibaba.com
596,Brooks,Perree,bperreegj@photobucket.com
597,Loni,Luckey,lluckeygk@wired.com
598,Wood,Bosch,wboschgl@chicagotribune.com
599,Hieronymus,Whitehouse,hwhitehousegm@dell.com
600,Moishe,Firpo,mfirpogn@dot.gov
601,Jaime,Aymer,jaymergo@bloglovin.com
602,Leonore,Celloni,lcellonigp@nature.com
603,Gawain,Elwell,gelwellgq@so-net.ne.jp
604,Jimmie,Pressnell,jpressnellgr@buzzfeed.com
605,Nelie,Philippart,nphilippartgs@foxnews.com
606,Vannie,Leete,vleetegt@lulu.com
607,Demetris,Guerrero,dguerrerogu@cdbaby.com
608,Teresa,Bernardin,tbernardingv@blogtalkradio.com
609,Luelle,Freestone,lfreestonegw@example.com
610,Brandie,Beamson,bbeamsongx@google.co.jp
611,Grenville,Jessen,gjessengy@list-manage.com
612,Bobinette,Thorns,bthornsgz@cargocollective.com
613,Ingrid,Ireland,iirelandh0@loc.gov
614,Julissa,Serle,jserleh1@imgur.com
615,Homer,Terrazzo,hterrazzoh2@taobao.com
616,Debor,Bodham,dbodhamh3@usda.gov
617,Jone,Beckson,jbecksonh4@merriam-webster.com
618,Graig,McConaghy,gmcconaghyh5@irs.gov
619,Cecilius,Pitcher,cpitcherh6@topsy.com
620,Roxi,Balfe,rbalfeh7@apache.org
621,Ange,Besque,abesqueh8@newyorker.com
622,Fransisco,Dohmer,fdohmerh9@amazon.com
623,Shir,Rowney,srowneyha@rediff.com
624,Elayne,Ralling,erallinghb@prlog.org
625,Vikky,Walpole,vwalpolehc@meetup.com
626,Sheeree,Kerrane,skerranehd@devhub.com
627,Chaddie,Alleyn,calleynhe@yellowbook.com
628,Mil,Jenyns,mjenynshf@sohu.com
629,Lyndell,Dreng,ldrenghg@ted.com
630,Yettie,Salzburger,ysalzburgerhh@naver.com
631,Drona,Sutty,dsuttyhi@people.com.cn
632,Isacco,Malatalant,imalatalanthj@histats.com
633,Feliks,Wonfar,fwonfarhk@who.int
634,Wileen,Casol,wcasolhl@google.cn
635,Marjory,Golbourn,mgolbournhm@bing.com
636,Clyde,Griffithe,cgriffithehn@sitemeter.com
637,Julio,Hunston,jhunstonho@domainmarket.com
638,Dory,Tuxill,dtuxillhp@t-online.de
639,Ossie,Drees,odreeshq@zimbio.com
640,Rita,Isaq,risaqhr@blinklist.com
641,Ingamar,Berlin,iberlinhs@nih.gov
642,Alia,Caddock,acaddockht@dmoz.org
643,Ainslie,McCray,amccrayhu@latimes.com
644,Alec,Barden,abardenhv@indiatimes.com
645,Sylvan,Berryann,sberryannhw@pbs.org
646,Lauretta,Vivers,lvivershx@gmpg.org
647,Leigha,Hanna,lhannahy@reddit.com
648,Leontine,Castagnone,lcastagnonehz@exblog.jp
649,Allie,Allicock,aallicocki0@youtube.com
650,Arliene,Blenkinsopp,ablenkinsoppi1@archive.org
651,Humbert,Zavattari,hzavattarii2@nps.gov
652,Joli,Trosdall,jtrosdalli3@zimbio.com
653,Marget,Carless,mcarlessi4@twitter.com
654,Stearn,Stronough,sstronoughi5@nsw.gov.au
655,Tammie,O'Neill,toneilli6@t-online.de
656,Edie,Debrett,edebretti7@guardian.co.uk
657,Codi,Krolak,ckrolaki8@seesaa.net
658,Falito,Taylorson,ftaylorsoni9@cornell.edu
659,Lothario,Wedon,lwedonia@acquirethisname.com
660,Yolande,Moodie,ymoodieib@washingtonpost.com
661,Jarid,Cullity,jcullityic@state.gov
662,Debra,Drake,ddrakeid@miibeian.gov.cn
663,Bertina,Witten,bwittenie@hatena.ne.jp
664,Charleen,Secretan,csecretanif@admin.ch
665,Abie,Kennedy,akennedyig@cnbc.com
666,Jacob,Gawthorpe,jgawthorpeih@dyndns.org
667,Binny,Kapelhoff,bkapelhoffii@soup.io
668,Irvine,Southway,isouthwayij@loc.gov
669,Mandie,Pauli,mpauliik@discuz.net
670,Anya,Kordova,akordovail@ycombinator.com
671,Drusie,Allon,dallonim@tmall.com
672,Wright,McNaughton,wmcnaughtonin@mlb.com
673,Caro,Ambroziak,cambroziakio@craigslist.org
674,Ana,Childes,achildesip@merriam-webster.com
675,Wally,Revance,wrevanceiq@ox.ac.uk
676,Ben,Izatt,bizattir@bluehost.com
677,Der,Duberry,dduberryis@a8.net
678,Halley,Blakemore,hblakemoreit@ox.ac.uk
679,Pinchas,Saleway,psalewayiu@umich.edu
680,Diann,Caherny,dcahernyiv@sakura.ne.jp
681,Barbey,Pawellek,bpawellekiw@1688.com
682,Granny,Brinklow,gbrinklowix@deliciousdays.com
683,Hughie,Turner,hturneriy@latimes.com
684,Darcie,Shilito,dshilitoiz@nydailynews.com
685,Cristobal,Blucher,cblucherj0@instagram.com
686,Ceciley,Dewberry,cdewberryj1@t-online.de
687,Konstanze,Capel,kcapelj2@ed.gov
688,Lurleen,Bassam,lbassamj3@army.mil
689,Catarina,MacAndrew,cmacandrewj4@noaa.gov
690,Robert,Plail,rplailj5@xrea.com
691,Silvie,Antao,santaoj6@github.com
692,Vasily,Petruszka,vpetruszkaj7@163.com
693,Kendre,Scattergood,kscattergoodj8@un.org
694,Van,Frankcombe,vfrankcombej9@webs.com
695,Ranice,Urrey,rurreyja@usa.gov
696,Essa,McGeagh,emcgeaghjb@mac.com
697,Case,Cordeau,ccordeaujc@smh.com.au
698,Elvyn,Mellor,emellorjd@alexa.com
699,Carmela,Elcoate,celcoateje@simplemachines.org
700,Jobina,Clyma,jclymajf@altervista.org
701,Laurice,Kamiyama,lkamiyamajg@youtube.com
702,Riley,Dorcey,rdorceyjh@smugmug.com
703,Kira,Dulin,kdulinji@tamu.edu
704,Alasdair,Morville,amorvillejj@xrea.com
705,Adham,Danielsson,adanielssonjk@vinaora.com
706,Robyn,Girardi,rgirardijl@imdb.com
707,Maxi,Catlow,mcatlowjm@tumblr.com
708,Herbert,Haton,hhatonjn@miitbeian.gov.cn
709,Timothy,Gartside,tgartsidejo@dot.gov
710,Jennee,Ashpital,jashpitaljp@mit.edu
711,Gabriella,Tinn,gtinnjq@paginegialle.it
712,Yevette,Cornelissen,ycornelissenjr@craigslist.org
713,Ashli,Kier,akierjs@mozilla.org
714,Callean,Drowsfield,cdrowsfieldjt@ameblo.jp
715,Karel,Ashurst,kashurstju@example.com
716,Base,Grason,bgrasonjv@tripadvisor.com
717,Gustav,Gatsby,ggatsbyjw@hud.gov
718,Guglielma,Mylchreest,gmylchreestjx@skyrock.com
719,Masha,Burkin,mburkinjy@microsoft.com
720,Maisie,Filippello,mfilippellojz@china.com.cn
721,Gae,Bruyntjes,gbruyntjesk0@mashable.com
722,Tammie,Whall,twhallk1@bloglines.com
723,Curran,Gillet,cgilletk2@bluehost.com
724,Greg,Muirden,gmuirdenk3@army.mil
725,Sherline,Fiddyment,sfiddymentk4@jugem.jp
726,Chiquia,Ferry,cferryk5@squidoo.com
727,Giacinta,Stoney,gstoneyk6@dailymail.co.uk
728,Kaine,Smallridge,ksmallridgek7@columbia.edu
729,Stanfield,Ducket,sducketk8@imgur.com
730,Woodrow,Sheehan,wsheehank9@shop-pro.jp
731,Gerardo,Tappin,gtappinka@about.com
732,Daphene,Quincey,dquinceykb@twitter.com
733,Ursa,Ainley,uainleykc@webnode.com
734,Dari,Hamp,dhampkd@narod.ru
735,Charlean,Fishbourne,cfishbourneke@dmoz.org
736,Darn,Hinners,dhinnerskf@reddit.com
737,Zorana,Eley,zeleykg@nbcnews.com
738,Nessy,Marval,nmarvalkh@mayoclinic.com
739,Elva,Lubomirski,elubomirskiki@admin.ch
740,Oralie,Ricardin,oricardinkj@reference.com
741,Penny,Gillyatt,pgillyattkk@fastcompany.com
742,Belvia,Essberger,bessbergerkl@example.com
743,Karim,Rait,kraitkm@oakley.com
744,Cyrille,Birkinshaw,cbirkinshawkn@upenn.edu
745,Currie,Vader,cvaderko@wiley.com
746,Nichols,Langcaster,nlangcasterkp@uol.com.br
747,Kimbell,Wicks,kwickskq@privacy.gov.au
748,Lonna,Spenley,lspenleykr@hostgator.com
749,Herb,Eyers,heyersks@independent.co.uk
750,Serge,Elger,selgerkt@tumblr.com
751,Sammy,Cavalier,scavalierku@mayoclinic.com
752,Northrup,Kynd,nkyndkv@chron.com
753,Antonietta,Drydale,adrydalekw@qq.com
754,Kerrill,Samuel,ksamuelkx@ocn.ne.jp
755,Glad,McPheat,gmcpheatky@wisc.edu
756,Sayers,Jane,sjanekz@state.tx.us
757,Galen,Claridge,gclaridgel0@issuu.com
758,Emmanuel,Iredale,eiredalel1@businessinsider.com
759,Edmund,Dominiak,edominiakl2@usnews.com
760,Nicoline,Crighton,ncrightonl3@netvibes.com
761,Margarita,Simmons,msimmonsl4@tripadvisor.com
762,Cindelyn,Spinage,cspinagel5@chicagotribune.com
763,Martica,Stoad,mstoadl6@liveinternet.ru
764,Gerik,O'Concannon,goconcannonl7@telegraph.co.uk
765,Cornelia,Duhig,cduhigl8@angelfire.com
766,Augie,Duggon,aduggonl9@webnode.com
767,Rock,Handover,rhandoverla@aboutads.info
768,Joye,Sanbrook,jsanbrooklb@un.org
769,Aleece,De Bruyne,adebruynelc@netvibes.com
770,Ellene,Risman,erismanld@creativecommons.org
771,May,Dullingham,mdullinghamle@un.org
772,Rhetta,Maidlow,rmaidlowlf@mozilla.org
773,Carri,Cotesford,ccotesfordlg@businessweek.com
774,Pebrook,Shury,pshurylh@ucoz.ru
775,Ilyssa,Elster,ielsterli@ow.ly
776,Dag,Breagan,dbreaganlj@example.com
777,Cinderella,Findlay,cfindlaylk@etsy.com
778,Anni,Kinsley,akinsleyll@biglobe.ne.jp
779,Gerri,MacGowan,gmacgowanlm@liveinternet.ru
780,Stearne,Orring,sorringln@epa.gov
781,Jeanne,Zeale,jzealelo@sakura.ne.jp
782,Bonnee,Warwicker,bwarwickerlp@alibaba.com
783,Sorcha,Tace,stacelq@mayoclinic.com
784,Larissa,Oakwood,loakwoodlr@springer.com
785,Malissia,Squirrell,msquirrellls@guardian.co.uk
786,Lee,Smerdon,lsmerdonlt@jiathis.com
787,Elvina,Inman,einmanlu@accuweather.com
788,Konstance,Smartman,ksmartmanlv@yolasite.com
789,Gwenora,Cobbledick,gcobbledicklw@si.edu
790,Maxi,Scardifeild,mscardifeildlx@irs.gov
791,Alric,Metterick,ametterickly@amazonaws.com
792,Marcello,Wrixon,mwrixonlz@goo.ne.jp
793,Arlin,Fehner,afehnerm0@oracle.com
794,Mohandas,Eates,meatesm1@cbslocal.com
795,Charo,Shemilt,cshemiltm2@tinypic.com
796,Alta,Knowlton,aknowltonm3@unesco.org
797,Chane,Beecheno,cbeechenom4@printfriendly.com
798,Elliot,Elington,eelingtonm5@macromedia.com
799,Celinka,Gainsburgh,cgainsburghm6@tmall.com
800,Blondell,BoHlingolsen,bbohlingolsenm7@rambler.ru
801,Graeme,Ditchburn,gditchburnm8@cnet.com
802,Darrick,Ghion,dghionm9@facebook.com
803,Stafford,Ambrosi,sambrosima@fda.gov
804,Kitty,Schaben,kschabenmb@qq.com
805,Bliss,Springle,bspringlemc@usa.gov
806,Jakob,Dabrowski,jdabrowskimd@gmpg.org
807,Javier,Duguid,jduguidme@cdc.gov
808,Toinette,Ridley,tridleymf@sphinn.com
809,Broderic,Klassmann,bklassmannmg@home.pl
810,Carlota,Henriet,chenrietmh@cpanel.net
811,Lucias,Yeldon,lyeldonmi@examiner.com
812,Fax,Greenhowe,fgreenhowemj@devhub.com
813,Nikolai,Benda,nbendamk@domainmarket.com
814,Ellery,Gilder,egilderml@tinypic.com
815,Ciro,Tash,ctashmm@seattletimes.com
816,Rockwell,Garmons,rgarmonsmn@printfriendly.com
817,Jenine,Esposito,jespositomo@unc.edu
818,Eal,Tineman,etinemanmp@alexa.com
819,Emmy,Bultitude,ebultitudemq@answers.com
820,Alysia,Jeune,ajeunemr@youtu.be
821,Janek,Phetteplace,jphetteplacems@linkedin.com
822,Winna,Mycock,wmycockmt@smugmug.com
823,Alwin,Jozwicki,ajozwickimu@mayoclinic.com
824,Christa,Aynsley,caynsleymv@cnn.com
825,Clayton,Robichon,crobichonmw@goo.ne.jp
826,Nessa,Creese,ncreesemx@usa.gov
827,Crissy,Allard,callardmy@quantcast.com
828,Elyse,Frede,efredemz@huffingtonpost.com
829,Welch,Yedy,wyedyn0@mit.edu
830,Alfonse,Vaughn,avaughnn1@goo.gl
831,Betta,Ropkins,bropkinsn2@princeton.edu
832,Druci,Jotham,djothamn3@aol.com
833,Gus,Douce,gdoucen4@apple.com
834,Lindsay,Ailmer,lailmern5@opensource.org
835,Grover,Sarjant,gsarjantn6@cdc.gov
836,Bradford,Nickols,bnickolsn7@cisco.com
837,Winthrop,Jarnell,wjarnelln8@nih.gov
838,Maurise,Nickell,mnickelln9@xing.com
839,Jacob,Coucha,jcouchana@ed.gov
840,Ethel,Havvock,ehavvocknb@bloglines.com
841,Zarah,Goadsby,zgoadsbync@dagondesign.com
842,Amerigo,Dhennin,adhenninnd@japanpost.jp
843,Henrik,Stearley,hstearleyne@technorati.com
844,Genny,Whitfield,gwhitfieldnf@youtube.com
845,Walden,Outerbridge,wouterbridgeng@domainmarket.com
846,Kris,Matusovsky,kmatusovskynh@tumblr.com
847,Giraud,Blockwell,gblockwellni@freewebs.com
848,Eadmund,Broggetti,ebroggettinj@yelp.com
849,Alvis,Covotti,acovottink@aol.com
850,Raymond,Grishaev,rgrishaevnl@macromedia.com
851,Murvyn,Pomphrey,mpomphreynm@pen.io
852,Stacee,Chessil,schessilnn@dailymail.co.uk
853,Margaretta,Enrico,menricono@furl.net
854,Roshelle,Serris,rserrisnp@hud.gov
855,Fitz,Jobey,fjobeynq@state.tx.us
856,Frannie,Moorton,fmoortonnr@4shared.com
857,Fergus,Di Gregorio,fdigregorions@com.com
858,Gardy,Joliffe,gjoliffent@amazon.co.jp
859,Zak,Plomer,zplomernu@etsy.com
860,Bessie,Perfili,bperfilinv@drupal.org
861,Minerva,Bartlett,mbartlettnw@cbslocal.com
862,Bonnie,Jantet,bjantetnx@ted.com
863,Farand,Skoyles,fskoylesny@fema.gov
864,Tades,Antoniutti,tantoniuttinz@ucoz.com
865,Faustina,Dautry,fdautryo0@cocolog-nifty.com
866,Faye,Churchley,fchurchleyo1@vk.com
867,Keefer,Corballis,kcorballiso2@nih.gov
868,Jecho,Napolione,jnapolioneo3@japanpost.jp
869,Enriqueta,Woolger,ewoolgero4@jiathis.com
870,Gareth,Potticary,gpotticaryo5@independent.co.uk
871,Emily,Foreman,eforemano6@psu.edu
872,Bran,Walsham,bwalshamo7@sciencedaily.com
873,Dell,Fortune,dfortuneo8@state.tx.us
874,Dulcy,Caillou,dcaillouo9@businesswire.com
875,Addi,Draycott,adraycottoa@spotify.com
876,Silvano,Gaymar,sgaymarob@java.com
877,Mischa,Pachmann,mpachmannoc@sohu.com
878,Glory,Tocknell,gtocknellod@ucsd.edu
879,Georgia,Colthard,gcolthardoe@google.es
880,Yvette,Colbourne,ycolbourneof@histats.com
881,Sidnee,Bloss,sblossog@people.com.cn
882,Fifine,Linstead,flinsteadoh@china.com.cn
883,Annalee,Kidner,akidneroi@slideshare.net
884,Reagen,Cotte,rcotteoj@aboutads.info
885,Deonne,McClary,dmcclaryok@mail.ru
886,Annabal,Kuhnt,akuhntol@europa.eu
887,Gabie,Crossan,gcrossanom@vimeo.com
888,Fanchette,Duthy,fduthyon@answers.com
889,Sibylla,Offener,soffeneroo@wikipedia.org
890,Deloris,Sutherington,dsutheringtonop@nsw.gov.au
891,Anselma,Anger,aangeroq@multiply.com
892,Dennison,Morecombe,dmorecombeor@tuttocitta.it
893,Pet,Prichet,pprichetos@shareasale.com
894,Stanley,Balthasar,sbalthasarot@issuu.com
895,Rafi,Strawbridge,rstrawbridgeou@xing.com
896,Bear,Le Blond,bleblondov@ameblo.jp
897,Franky,Blake,fblakeow@barnesandnoble.com
898,Leopold,Rodda,lroddaox@xing.com
899,Suzy,Chamney,schamneyoy@ucoz.com
900,Killie,Spikins,kspikinsoz@bluehost.com
901,Mayne,Elsop,melsopp0@harvard.edu
902,Nero,Kingman,nkingmanp1@china.com.cn
903,Berkly,Alkins,balkinsp2@nasa.gov
904,Tibold,Tarling,ttarlingp3@omniture.com
905,Ted,Derrell,tderrellp4@cdbaby.com
906,Yvette,Greggor,ygreggorp5@1und1.de
907,Myrlene,Havenhand,mhavenhandp6@patch.com
908,Adelle,Alphege,aalphegep7@sohu.com
909,Cosme,Blakeston,cblakestonp8@nba.com
910,Cicily,Coldbathe,ccoldbathep9@cnet.com
911,Odelinda,McGeechan,omcgeechanpa@newyorker.com
912,Wynne,Jedrysik,wjedrysikpb@creativecommons.org
913,Carlye,Sprake,csprakepc@senate.gov
914,Berton,Fine,bfinepd@wikispaces.com
915,Tanney,Sambell,tsambellpe@fema.gov
916,Andra,Furmagier,afurmagierpf@ucoz.com
917,Loren,Petlyura,lpetlyurapg@netscape.com
918,Kirbie,Crummie,kcrummieph@github.io
919,Markos,Angrove,mangrovepi@psu.edu
920,Cullin,Seely,cseelypj@wikimedia.org
921,Katerine,Orbell,korbellpk@gmpg.org
922,Orlando,Cuardall,ocuardallpl@twitpic.com
923,Denice,Gee,dgeepm@scientificamerican.com
924,Carleen,Strauss,cstrausspn@i2i.jp
925,Jacky,Amorts,jamortspo@shop-pro.jp
926,Godart,Sarah,gsarahpp@simplemachines.org
927,Inge,Dalrymple,idalrymplepq@alibaba.com
928,Niven,Ughini,nughinipr@facebook.com
929,Nicoli,Rosling,nroslingps@irs.gov
930,Scottie,Taphouse,staphousept@geocities.jp
931,Ryan,Menzies,rmenziespu@theatlantic.com
932,Red,Stennings,rstenningspv@ezinearticles.com
933,Daffy,Shinfield,dshinfieldpw@google.com
934,Amata,Towler,atowlerpx@icio.us
935,Tiertza,Attenbrough,tattenbroughpy@deviantart.com
936,Archie,Giorgi,agiorgipz@ucoz.com
937,Benjamin,Cowndley,bcowndleyq0@lycos.com
938,Rosa,Jewers,rjewersq1@ucla.edu
939,Jens,Dundridge,jdundridgeq2@tripod.com
940,Conny,Van Daalen,cvandaalenq3@diigo.com
941,Caro,Winchcum,cwinchcumq4@issuu.com
942,Shir,Mayze,smayzeq5@goodreads.com
943,Evelyn,Charley,echarleyq6@google.cn
944,Ivor,Snarr,isnarrq7@npr.org
945,Penn,McGreay,pmcgreayq8@newsvine.com
946,Tull,Thieme,tthiemeq9@wufoo.com
947,Allix,Targetter,atargetterqa@zdnet.com
948,Whit,Citrine,wcitrineqb@amazon.de
949,Moina,Iffe,miffeqc@huffingtonpost.com
950,Dagmar,Doerr,ddoerrqd@discovery.com
951,Jarred,Perllman,jperllmanqe@who.int
952,Elna,Bartosinski,ebartosinskiqf@usnews.com
953,Melloney,Christal,mchristalqg@weebly.com
954,Marianne,Manie,mmanieqh@i2i.jp
955,Simonne,Garie,sgarieqi@ask.com
956,Averyl,Crichley,acrichleyqj@marketwatch.com
957,Brina,Corbert,bcorbertqk@sogou.com
958,Faydra,Pougher,fpougherql@dailymail.co.uk
959,Minetta,Franzettoini,mfranzettoiniqm@flavors.me
960,Sioux,Clawson,sclawsonqn@va.gov
961,Graeme,Robbings,grobbingsqo@japanpost.jp
962,Bekki,Thorogood,bthorogoodqp@yahoo.co.jp
963,Sasha,Chamberlaine,schamberlaineqq@xinhuanet.com
964,Corrinne,Stivani,cstivaniqr@ucoz.com
965,Kareem,Vahl,kvahlqs@instagram.com
966,Towney,Bradburne,tbradburneqt@opera.com
967,Roxanna,Stothard,rstothardqu@eepurl.com
968,Durand,Sherlock,dsherlockqv@twitpic.com
969,Sibby,Bertolin,sbertolinqw@tripadvisor.com
970,Corabelle,Gardner,cgardnerqx@blogtalkradio.com
971,Iago,Loddon,iloddonqy@samsung.com
972,Jacquette,Jakel,jjakelqz@nifty.com
973,Anallese,Beverley,abeverleyr0@dailymail.co.uk
974,Lin,Passo,lpassor1@spiegel.de
975,Charley,Cammock,ccammockr2@wikimedia.org
976,Lek,Colbrun,lcolbrunr3@yandex.ru
977,Efrem,O'Breen,eobreenr4@tuttocitta.it
978,Abagael,Copelli,acopellir5@bandcamp.com
979,Shell,Ormiston,sormistonr6@biblegateway.com
980,Jaclin,Dowdeswell,jdowdeswellr7@dell.com
981,Urbain,Salasar,usalasarr8@soup.io
982,Letisha,Dannett,ldannettr9@typepad.com
983,Bebe,Killimister,bkillimisterra@symantec.com
984,Roanne,Sends,rsendsrb@eventbrite.com
985,Zsazsa,Rollett,zrollettrc@sphinn.com
986,Karoly,Dunkerton,kdunkertonrd@columbia.edu
987,Robinetta,Yateman,ryatemanre@tuttocitta.it
988,Skell,Tacker,stackerrf@amazonaws.com
989,Wolfie,Lauga,wlaugarg@paginegialle.it
990,Hillie,Artis,hartisrh@ehow.com
991,Shoshanna,Dachey,sdacheyri@netvibes.com
992,Rycca,Revan,rrevanrj@netlog.com
993,Minda,Walcot,mwalcotrk@house.gov
994,Mahalia,Congreve,mcongreverl@squarespace.com
995,Abdul,Knight,aknightrm@ezinearticles.com
996,Sheff,Cammock,scammockrn@ow.ly
997,Nikaniki,Mohamed,nmohamedro@purevolume.com
998,Lani,Jewess,ljewessrp@over-blog.com
999,Daphne,Minelli,dminellirq@qq.com
1000,Alis,Dassindale,adassindalerr@cpanel.net
